id,topic
208602371473944576,For Sale
208659648893562880,For Sale
208922585612816384,For Sale
209322227278151680,For Sale
209357857903222784,For Sale
209381538922627072,For Sale
209506390807543808,For Sale
209587537986076672,For Sale
209698804499349504,For Sale
209801921459003392,For Sale
210052275241095168,For Sale
210164166697299968,For Sale
210339748668121088,For Sale
210341434761547776,For Sale
212552742483406848,Jokes
223080504889581568,For Sale
223114139021737984,Jokes
223505673118433280,For Sale
223558122889940992,User Comments
223727363039576064,For Sale
223779905077387264,For Sale
224178745672609792,User Comments
224439820104110080,User Comments
225297165206040576,User Comments
225305667056058368,User Comments
225603571704537088,User Comments
225777106825641984,User Comments
225917347586785280,User Comments
226045852681129984,Jokes
226050225486319616,User Comments
226116627366825984,User Comments
226335179961155584,User Comments
226444823257821184,User Comments
226533834781507584,User Comments
226711820046573568,User Comments
227000790810767360,User Comments
227088233681526784,User Comments
227108736509018112,Jokes
227224689649520640,Jokes
227526832034037760,User Comments
227535282168287232,Jokes
227563536392536064,For Sale
227616850211663872,For Sale
227894324392779776,User Comments
228039409558233088,User Comments
228410857112092672,For Sale
228502993371279360,For Sale
228508034937282560,For Sale
228552767181045760,For Sale
228832841864208384,User Comments
228850676019634176,User Comments
228880451383738368,User Comments
228896364581515264,For Sale
228954271146708992,Jokes
228954459865247744,User Comments
228961565020413952,User Comments
228992950993039360,For Sale
229003747131535360,Jokes
229427459928498176,User Comments
229615800972111872,User Comments
229631064031772672,User Comments
229703466120015872,User Comments
229998128529567744,User Comments
230123739558326272,For Sale
230354719867031552,Jokes
230364979151384576,User Comments
230553651519815680,User Comments
230807994126970880,User Comments
231048260628914176,User Comments
52216699411378176,User Comments
211494276977274880,User Comments
211494792880852992,User Comments
158271806778781696,Spam
210495362014773248,Jokes
213337468060180480,User Comments
213803228758949888,For Sale
213809388857733120,Jokes
214024608284807168,User Comments
214053964252065792,User Comments
214087283769487360,User Comments
214152131928784896,User Comments
214180598682619904,User Comments
214203575075737600,User Comments
214878828634439680,Spam
215245662491643904,User Comments
215426034307301376,User Comments
215558008116224000,User Comments
215607245042499584,Spam
215772643230613504,User Comments
215794147414646784,User Comments
216561935712403456,User Comments
216726537003745280,For Sale
216833256878915584,For Sale
216984948056395776,User Comments
217156197302808576,For Sale
217326540575358976,For Sale
217347268808941568,For Sale
217545026069213184,User Comments
217706829743013888,User Comments
217827550196547584,User Comments
217893451084206080,User Comments
218031070405328896,User Comments
218073368757403648,Jokes
218385443945852928,User Comments
218391562445520896,For Sale
218399976194187264,User Comments
218437761848451072,Jokes
218650653000613888,For Sale
218652217450831872,For Sale
219516596408942592,User Comments
219575694152302592,User Comments
219588453208301568,User Comments
219679691932577792,For Sale
219681768083693568,User Comments
219761135056982016,User Comments
219787288392105984,User Comments
219797765759315968,User Comments
219986341625208832,User Comments
220228227178823680,User Comments
220265682305159168,User Comments
220293222126206976,User Comments
220949903344537600,Jokes
221126575809241088,User Comments
221234948244385792,User Comments
221282532627464192,For Sale
221373548999090176,User Comments
222164045300633600,User Comments
222269003538776064,For Sale
222870160543981568,User Comments
223100965102952448,Jokes
223790130828279808,For Sale
223858804159283200,For Sale
223879294718443520,Jokes
224211679314051072,User Comments
224249600050069504,User Comments
224531025261371392,User Comments
224532136722575360,User Comments
224621391524278272,User Comments
224653280838565888,User Comments
224925486940295168,For Sale
224964707881193472,For Sale
225284682940555264,Spam
225309752320737280,User Comments
225529781318463488,User Comments
225532826391556096,User Comments
225578896601530368,User Comments
225584558932885504,User Comments
225878910993330176,User Comments
226069370516959232,User Comments
226075992932892672,User Comments
226109199237664768,Jokes
226360240923348992,User Comments
226360798774185984,User Comments
226534510047686656,For Sale
226597751767588864,User Comments
226724931466063872,User Comments
226744976674009088,Jokes
226753477894873088,Jokes
226853222646706176,User Comments
227095075618963456,Jokes
227147297883054080,User Comments
227480870850793472,Spam
227766788165881856,User Comments
227842893811970048,User Comments
227846647747600384,For Sale
227859943657701376,Jokes
227903430235140096,User Comments
227971226927239168,Jokes
228116886729146368,For Sale
228204157637648384,For Sale
228568613278334976,User Comments
228752646733955072,User Comments
228756543242395648,For Sale
229633668707151872,User Comments
229690790908133376,User Comments
229939383132905472,Jokes
230008312337424384,Jokes
230071726011211776,User Comments
230309484319358976,For Sale
217732325121855488,Jokes
217851645483163648,Jokes
226547852132904960,Jokes
227904368928780288,Jokes
208476169052504064,For Sale
208478408827609088,For Sale
208727089090797568,For Sale
208819196036001792,For Sale
209053649240993792,For Sale
209123211764436992,For Sale
210102690796146688,For Sale
210188812448575488,For Sale
210311546142855168,For Sale
210574227043123200,For Sale
211168731873820672,For Sale
211205117444235264,For Sale
211481912185860096,For Sale
211564279898439680,For Sale
212320299012722688,For Sale
212357397639987200,For Sale
213263241466478592,For Sale
213287195128250368,For Sale
213588509720711168,For Sale
215143434720247808,For Sale
215499401106423808,For Sale
215596117524623360,For Sale
215874229277691904,For Sale
216015891865927680,For Sale
216085672493191168,For Sale
216296499183763456,For Sale
216691132896251904,For Sale
217552391246053376,For Sale
217727444717805568,For Sale
218039601602904064,For Sale
218753572815384576,For Sale
223836805026414592,For Sale
226606245652619264,For Sale
210410040996278272,For Sale
210543034008481792,For Sale
212187628970323968,For Sale
212912366944391168,For Sale
213214373630590976,For Sale
214314501833637888,For Sale
214911078658879488,For Sale
215944756478488576,For Sale
216951930495315968,For Sale
208484540895854592,MotoGP - User Comments
208484540895854592,MotoGP - User Comments
208487841825685504,For Sale
208508884648869888,For Sale
208549154144784384,User Comments
208817782521999360,For Sale
208833246937612288,MotoGP - User Comments
208897881170653184,User Comments
208915638138314752,MotoGP - User Comments
208918814946099200,For Sale
208966013453221888,MotoGP - User Comments
209119449473761280,For Sale
209250818795388928,MotoGP - User Comments
209254820626972672,For Sale
209257727292215296,MotoGP - User Comments
209259199488737280,MotoGP - User Comments
209259199488737280,MotoGP - User Comments
209264618521112576,MotoGP - User Comments
209267269329633280,MotoGP - User Comments
209281051808374784,MotoGP - User Comments
209387440333524992,Jokes
209791737676304384,For Sale
210040430560153600,Spam
210046931722973184,User Comments
210130763251843072,For Sale
210171884233428992,For Sale
210234610062340096,For Sale
210303404973629440,Jokes
210349819171045376,User Comments
210401836933455872,Jokes
210404073462181888,MotoGP - User Comments
210404073462181888,MotoGP - User Comments
210527011737837568,For Sale
210675959861485568,User Comments
210775171961856000,For Sale
210809112240459776,For Sale
210821649036099584,For Sale
210882508357763072,User Comments
210917572747599872,User Comments
210926665990287360,Jokes
211098456301895680,For Sale
211567383679221760,For Sale
212114568405721088,For Sale
212116811750178816,For Sale
212143530053873664,User Comments
212162182132154368,User Comments
212441787036471296,MotoGP - User Comments
212445658349711360,MotoGP - User Comments
212446299675561984,MotoGP - User Comments
212449462612787200,MotoGP - User Comments
212461785452773376,MotoGP - User Comments
212473860858187776,MotoGP - User Comments
212474649559318528,Jokes
212490666129883136,MotoGP - User Comments
212507251741700096,MotoGP - User Comments
212519499088408576,MotoGP - User Comments
212540147655393280,MotoGP - User Comments
212629259812995072,MotoGP - User Comments
212630442644488192,MotoGP - User Comments
212659643359576064,MotoGP - User Comments
212749359517937664,Spam
212849179775606784,For Sale
212875393781342208,MotoGP - User Comments
213143158551355392,For Sale
213302458225672192,MotoGP - User Comments
213307541696946176,Jokes
213346916484923392,MotoGP - User Comments
213524777304981504,User Comments
213530590585159680,For Sale
213545614607269888,For Sale
213582960673292288,MotoGP - User Comments
213651352985927680,MotoGP - User Comments
213755543712575488,For Sale
213794269704617984,Spam
213906031133200384,Spam
213986725364641792,MotoGP - User Comments
214010330890768384,For Sale
214049748942991360,For Sale
214085228422111232,MotoGP - User Comments
214088495956889600,For Sale
214298375183544320,MotoGP - User Comments
214337494995570688,MotoGP - User Comments
214338908492791808,For Sale
214740072677904384,Spam
214819768669184000,MotoGP - User Comments
215098343452459008,MotoGP - User Comments
215211719629344768,MotoGP - User Comments
215307219825197056,For Sale
215335285645516800,MotoGP - User Comments
215442723451310080,For Sale
216204696535302144,For Sale
217363395937189888,User Comments
217649413915545600,Spam
217691788692045824,MotoGP - User Comments
217741457921019904,For Sale
218233466532278272,MotoGP - User Comments
218449057964765184,For Sale
218457937306320896,For Sale
218800192491757568,For Sale
208106489116762112,Ironic Criticism
208277737499131904,Ironic Criticism
208327418082111488,Criticism
208328551064281088,Ironic Criticism
208471113536258048,Criticism
208471186647171072,Criticism
208480315562397696,Ironic Criticism
208482563285721088,Ironic Criticism
208484721263513600,Criticism
208485182632767488,Criticism
208487988609548288,Ironic Criticism
208489196556533760,Ironic Criticism
208494048892297216,Ironic Criticism
208500709946171392,Criticism
208504711677091840,Ironic Criticism
208513540330500096,Ironic Criticism
208514471415660544,Criticism
208515953758183424,Ironic Criticism
208519546544467968,Ironic Criticism
208521312371617792,Ironic Criticism
208523655712473088,Criticism
208542965910601728,Ironic Criticism
208543045845655552,Criticism
208547988124073984,Ironic Criticism
208549685756043264,Ironic Criticism
208555401703202816,Ironic Criticism
208562214293094400,Ironic Criticism
208570717082615808,Criticism
208573421238501376,Ironic Criticism
208577113366855680,Ironic Criticism
208577872565256192,Ironic Criticism
208591030063337472,Ironic Criticism
208591478870642688,Criticism
208600295276683264,Ironic Criticism
208608431987367936,Criticism
208608878613635072,Ironic Criticism
208619055521869824,Criticism
208624127316201472,Criticism
208629377645297664,Ironic Criticism
208638912250396672,Ironic Criticism
208642653590528000,Ironic Criticism
208646906606399488,Ironic Criticism
208653730726428672,Criticism
208655915958812672,Ironic Criticism
208662834639421440,Criticism
208663241973436416,Ironic Criticism
208664759007055872,Ironic Criticism
208666833509818368,Criticism
208669929136857088,Ironic Criticism
208670084338688000,Criticism
208670512119939072,Ironic Criticism
208672433111183360,Ironic Criticism
208675729855090688,Criticism
208678271620091904,Ironic Criticism
208681066322608128,Criticism
208687654278144000,Ironic Criticism
208690513463877632,Ironic Criticism
208705654209253376,Ironic Criticism
208726459974565888,Ironic Criticism
208811591750262784,Criticism
208830596129103872,Ironic Criticism
208859499077976064,Ironic Criticism
208877966623645696,Criticism
208893008400232448,Criticism
208895540723847168,Criticism
208902662878539776,Criticism
208910541010374656,Ironic Criticism
208916694968705024,Ironic Criticism
208927779226529792,Ironic Criticism
208927954309349376,Ironic Criticism
208931234578051072,Ironic Criticism
208934827351752704,Ironic Criticism
208937931249950720,Criticism
208939354461192192,Ironic Criticism
208948370063110144,Ironic Criticism
208951879860883456,Ironic Criticism
208960136386068480,Ironic Criticism
208965375021432832,Criticism
208967179473911808,Ironic Criticism
208971340131221504,Ironic Criticism
208976302806548480,Criticism
208978180877463552,Criticism
208987755101958144,Criticism
208990613046181888,Ironic Criticism
208994826392313856,Ironic Criticism
208998958440267776,Ironic Criticism
209015975989878784,Ironic Criticism
209024024859246592,Ironic Criticism
209024471712022528,Criticism
209036308113403904,Ironic Criticism
209045299044429824,Ironic Criticism
209045390627049472,Ironic Criticism
209046265332371456,Ironic Criticism
209054689415806976,Criticism
209054941082431488,Criticism
209057639001362432,Criticism
209060887561121792,Ironic Criticism
209186000671473664,Criticism
209186570899693568,Criticism
209194389078163456,Criticism
209208647409090560,Ironic Criticism
209214445082251264,Ironic Criticism
209215792632434688,Ironic Criticism
209217302598664192,Ironic Criticism
209218376302723072,Criticism
209223659599040512,Ironic Criticism
209231840018563072,Criticism
209238634803630080,Ironic Criticism
209240210968559616,Ironic Criticism
209243049820303360,Criticism
209243097073332224,Ironic Criticism
209243533775872000,Ironic Criticism
209268867762094080,Criticism
209278223043932160,Ironic Criticism
209280455516758016,Ironic Criticism
209281650419449856,Criticism
209289160157184000,Ironic Criticism
209324479640387584,Criticism
209327946291355648,Ironic Criticism
209332754775683072,Ironic Criticism
209336454386679808,Ironic Criticism
209336586930896896,Criticism
209349111491731456,Criticism
209349284695511040,Criticism
209349558541631488,Criticism
209349576405159936,Criticism
209352596354367488,Ironic Criticism
209354145935794176,Criticism
209354523418951680,Criticism
209357098952310784,Ironic Criticism
209357493015543808,Criticism
209357620153298944,Criticism
209369394151829504,Criticism
209369414422888448,Ironic Criticism
209379550830936064,Ironic Criticism
209380431655731200,Ironic Criticism
209395115888877568,Criticism
209395735374995456,Ironic Criticism
209399108367167488,Criticism
209400509784784896,Criticism
209408877425467392,Criticism
209420832848609280,Ironic Criticism
209499797344882688,Criticism
209502825649147904,Criticism
209525172867305472,Criticism
209525747457597440,Ironic Criticism
209538606233174016,Criticism
209542896645447680,Criticism
209551068512796672,Criticism
209568464719986688,Criticism
209576200824295424,Criticism
209579879170179072,Criticism
209588471554248704,Ironic Criticism
209591724765487104,Criticism
209591921046327296,Ironic Criticism
209592808254881792,Criticism
209593078649073664,Criticism
209593239035064320,Criticism
209615284607270912,Criticism
209640438804652032,Criticism
209642726650683392,Ironic Criticism
209649370398851072,Ironic Criticism
209650091827539968,Ironic Criticism
209656471359733760,Ironic Criticism
209686246719627264,Ironic Criticism
209687060225863680,Ironic Criticism
209701702289461248,Ironic Criticism
209711630655832064,Criticism
209731641072029696,Criticism
209738247734181888,Ironic Criticism
209740844004159488,Ironic Criticism
209746726221910016,Criticism
209747101914103808,Criticism
209753259957698560,Ironic Criticism
209756269890908160,Criticism
209757555700924416,Ironic Criticism
209762943775154176,Criticism
209775149212385280,Ironic Criticism
209825044656963584,Ironic Criticism
209880598217633792,Ironic Criticism
209894403496620032,Criticism
209906170855555072,Criticism
209910068685180928,Criticism
209913471146524672,Criticism
209916873188458496,Ironic Criticism
209925183648178176,Ironic Criticism
209926642133499904,Criticism
209926918659772416,Ironic Criticism
209928480836694016,Criticism
209937498137305088,Criticism
209945983218495488,Criticism
209950742834970624,Criticism
209961023980056576,Criticism
209965033722093568,Ironic Criticism
209965608362708992,Criticism
209977448895479808,Ironic Criticism
209981329432002560,Criticism
209985556451573760,Criticism
209990554619097088,Criticism
210009327598190592,Criticism
210011187872669696,Ironic Criticism
210015871589031936,Criticism
210023178733498368,Ironic Criticism
210026169909772288,Criticism
210030561362837504,Criticism
210042523496873984,Ironic Criticism
210050005644488704,Criticism
210067453491949568,Ironic Criticism
210091571490725888,Criticism
210097217208451072,Criticism
210098836226572288,Criticism
210103902962585600,Criticism
210104421336612864,Ironic Criticism
210106352415162368,Criticism
210120646594797568,Criticism
210129605661704192,Criticism
210250783298564096,Criticism
210273809683582976,Criticism
210281045201915904,Ironic Criticism
210283306292486144,Ironic Criticism
210294930055245824,Criticism
210306613674913792,Ironic Criticism
210322958869217280,Criticism
210336414196436992,Ironic Criticism
210340000322174976,Criticism
210341057282576384,Criticism
210358421705338880,Criticism
209644173672980480,Spam
208429226410524672,Nice comments from fans
208485509796868096,Nice comments from fans
208792788882563072,Jokes
208795159297658880,Jokes
208795159297658880,Jokes
208861106532384768,Nice comments from fans
208868217773494272,Jokes
208876308871131136,Jokes
208877730702426112,Jokes
208886963401523200,Jokes
208897243628044288,Jokes
208899286254104576,Jokes
208899953131659264,Jokes
208906013926113280,Jokes
208927929755901952,Jokes
208929910524354560,Nice comments from fans
208947149432565760,Nice comments from fans
208957738087219200,Nice comments from fans
208966650966450176,Jokes
208983189107118080,Nice comments from fans
208997760123420672,Nice comments from fans
209001832046014464,Jokes
209003539865935872,Jokes
209022397465112576,Nice comments from fans
209068510020780032,Jokes
209073450516615168,Nice comments from fans
209078468024082432,Jokes
209079213502889984,Jokes
209090821495078912,Jokes
209096770867838976,Jokes
209133559112409088,Nice comments from fans
209156409688985600,Jokes
209258490634567680,Jokes
209258771648745472,Jokes
209273908887695360,Nice comments from fans
209276714533142528,Jokes
209303811276279808,Jokes
209322445407141888,Nice comments from fans
209344265422241792,Nice comments from fans
209358310892240896,Nice comments from fans
209372990968827904,Nice comments from fans
209390288253362176,Jokes
209396436729741312,Jokes
209414799753363456,Jokes
209417644477120512,Nice comments from fans
209437678154952704,Jokes
209461127514554368,Jokes
209486734810034176,Jokes
209502368943980544,Nice comments from fans
209533129495547904,Jokes
209569544430292992,Jokes
209577819771109376,Jokes
209591077991227392,Nice comments from fans
209619469235007488,Nice comments from fans
209646547657428992,Nice comments from fans
209656995643527168,Nice comments from fans
209666359578206208,Nice comments from fans
209706320692125696,Nice comments from fans
209741702590775296,Nice comments from fans
209792976170389504,Jokes
208857062489325568,Nice comments from fans
208866591650226176,Nice comments from fans
208875132419182592,Nice comments from fans
208902251627028480,Nice comments from fans
208903342133493760,Nice comments from fans
208695265442537472,Jokes
208702560801001472,Jokes
208709929295560704,Jokes
209839456256135168,Jokes
208337316639547392,User Comments
208517269045776384,User Comments
208605628049006592,User Comments
208666179202584576,User Comments
208699368948244480,User Comments
208700694335733760,User Comments
208746697717850112,User Comments
208885889651318784,User Comments
208897224392978432,User Comments
208935596348026880,User Comments
208946925171519488,User Comments
208966353158279168,User Comments
209006081626734592,User Comments
209034632258256896,Spam
209043364774027264,User Comments
209098623336726528,User Comments
209101061636620288,User Comments
209134427337539584,User Comments
209194800157696000,User Comments
209202437955915776,User Comments
209202437955915776,User Comments
209270125642252288,User Comments
209270836442570752,User Comments
209310407721099264,User Comments
209375943758839808,User Comments
209388618937139200,User Comments
209419967152656384,User Comments
209423343575764992,User Comments
209434483659767808,User Comments
209627190952865792,User Comments
209635160675721216,User Comments
209671386325716992,User Comments
209727384453259264,User Comments
209753961895428096,User Comments
209759672234819584,User Comments
209775241474482176,User Comments
209779599356329984,User Comments
209784980648366080,User Comments
209789099480072192,Spam
209800902247321600,User Comments
209801954984083456,User Comments
209814877643096064,User Comments
209879004944142336,Jokes
209909723439431680,User Comments
209926228046659584,Jokes
210037364490387456,User Comments
210135272137039872,Spam
210213152003076096,User Comments
210218772362051584,User Comments
210223381902135296,Jokes
210227177717895168,User Comments
210231153922293760,User Comments
210234043801939968,User Comments
210461593207701504,User Comments
210477523161726976,User Comments
210505859871158272,User Comments
210513464135917568,User Comments
210565108613644288,User Comments
210589502673137664,User Comments
210728308999061504,Spam
210780637551013888,Spam
210818482340761600,User Comments
210839831188746240,Jokes
210917891510501376,User Comments
210925852320481280,Spam
211063948961792000,User Comments
211121558519947264,User Comments
211281936142962688,User Comments
211322654458773504,User Comments
211337728762187776,User Comments
211504775336964096,User Comments
211532231229964288,User Comments
211548551271034880,User Comments
211568176398471168,User Comments
211597540737556480,User Comments
211670760719269888,Spam
211856027312857088,User Comments
211876582887915520,User Comments
211876701234409472,User Comments
211882669531860992,User Comments
211915984871751680,User Comments
211937044467945472,User Comments
211999906137784320,User Comments
212279622639955968,User Comments
212290376843788288,User Comments
212294185284407296,Spam
212361763910451200,User Comments
273270295408828416,Jokes
274631663047294976,Jokes
275808005482766336,Jokes
278474434577330176,Jokes
279084417232814080,Jokes
279231494017400832,Jokes
281097174815744000,Jokes
281307007426891776,Jokes
281358286979219456,Jokes
281432061951238144,Jokes
281435051135209472,Jokes
281488579321012224,Jokes
282434616697159680,Jokes
282488865820913664,Jokes
282574794547929088,Jokes
283001850180038656,Jokes
283010860752961536,Jokes
283564029530763264,Jokes
246527713190477824,Jokes
246642687107792896,Jokes
249550719697428480,Jokes
252497201891258368,Jokes
253174387681935360,Jokes
254262336553107456,Jokes
255798424920784896,Jokes
257508911890980864,Jokes
258471601660649472,Jokes
267491921574903808,Jokes
272066280444547072,Jokes
249977073098186752,User Comments
249991788511776768,Jokes
250013347230121984,For Sale
250171392803356672,For Sale
250382810890772480,User Comments
250622855115579392,For Sale
250734964637855744,For Sale
250792187548282880,For Sale
251281251762307072,Jokes
251327460443041792,User Comments
251459119624646656,User Comments
251818865074503680,For Sale
251820186301235200,For Sale
252011151456628736,Jokes
252246843495440384,User Comments
252315365810524160,Spam
252587072848801792,For Sale
252748851344179200,For Sale
253118340170665984,Jokes
253580460192579584,User Comments
253580913169031168,User Comments
254228744380743680,For Sale
254325913850875904,For Sale
254593253792440320,For Sale
254852823727091712,Jokes
254955478881288192,For Sale
254960489891774464,For Sale
255035683482259456,User Comments
255394605724487680,For Sale
255398271533600768,User Comments
255399865373302784,User Comments
255707291083489280,For Sale
255773376516345856,For Sale
255993598468841472,For Sale
256031064148033536,Jokes
256085592151040000,For Sale
256264059786252288,User Comments
257122130498551808,User Comments
257196617113948160,User Comments
257506933299363840,User Comments
257954200720400384,User Comments
258171067191922688,For Sale
258237307847577600,For Sale
258306463498371072,For Sale
258316655690661888,For Sale
258318782202789888,For Sale
258324897468653568,For Sale
258366437889024000,For Sale
258538413416935424,For Sale
258632142815387648,User Comments
258952809947463680,User Comments
259224273699356672,For Sale
259538359943311360,For Sale
259879632667561984,Jokes
260339870491369472,For Sale
260434946341105664,Jokes
261023978242596864,Jokes
261097793802883072,User Comments
261507501801996288,For Sale
261613353452044288,For Sale
262436586292137984,Jokes
262592673112793088,User Comments
262667784708841472,User Comments
262788952531038208,Jokes
262968935727628288,For Sale
263049365713723392,User Comments
263290940846927872,Jokes
263309337047470080,For Sale
263406355480715264,For Sale
263583237685792768,For Sale
263775710085275648,For Sale
263973035319631872,User Comments
264132343369986048,For Sale
264368214249730048,For Sale
264406820402118656,User Comments
265571904012836864,For Sale
265601711916343296,User Comments
265816159293693952,User Comments
266243101700530176,User Comments
266243777700704256,User Comments
266243889659252736,User Comments
266531372020158464,User Comments
266845479244009472,User Comments
266969395778183168,User Comments
266994947364904960,Jokes
267007496839897088,User Comments
267355905073504256,For Sale
267620515349426176,Jokes
267696197345632256,For Sale
267718724956598272,For Sale
267728174719315968,Jokes
267790075478290432,User Comments
267933938893324288,User Comments
268179288895938560,For Sale
268230812527386624,For Sale
268334281011650560,For Sale
268408113332355072,User Comments
268507178636292096,Jokes
268508889874587648,User Comments
268709951524970496,User Comments
268770962592370688,For Sale
269180729307566080,User Comments
269461932216561664,Jokes
269740136219172864,User Comments
269854917538222080,For Sale
270056926291836928,Jokes
270534298329825280,For Sale
270572931405467648,For Sale
270942648196554752,Spam
271177293509046272,For Sale
271345824829698048,Jokes
271707390607495168,For Sale
271763036468027392,User Comments
271810700555456512,Jokes
271953822761504768,For Sale
271992397787971584,User Comments
272062954348896256,User Comments
272064502055460864,For Sale
272148786577555456,Jokes
274032977003040768,For Sale
274280617116569600,For Sale
274294542625280000,Jokes
275084086371041280,User Comments
281465237541117952,Jokes
270143338861195264,"For Sale - Nissan Cars, Parts & Accessories"
270649285173993472,"For Sale - Nissan Cars, Parts & Accessories"
270653852779413504,"For Sale - Nissan Cars, Parts & Accessories"
270935181521739776,"For Sale - Nissan Cars, Parts & Accessories"
271063959241625600,"For Sale - Nissan Cars, Parts & Accessories"
271101338862092288,"For Sale - Nissan Cars, Parts & Accessories"
271101791867920384,"For Sale - Nissan Cars, Parts & Accessories"
271169357894258688,"For Sale - Nissan Cars, Parts & Accessories"
271185610801307648,"For Sale - Nissan Cars, Parts & Accessories"
271198885802827776,"For Sale - Nissan Cars, Parts & Accessories"
271199993086480384,"For Sale - Nissan Cars, Parts & Accessories"
271332579247005696,"For Sale - Nissan Cars, Parts & Accessories"
271394382295478272,"For Sale - Nissan Cars, Parts & Accessories"
271509717258493952,"For Sale - Nissan Cars, Parts & Accessories"
271629179445985280,"For Sale - Nissan Cars, Parts & Accessories"
271664373855039488,"For Sale - Nissan Cars, Parts & Accessories"
271681176215896064,"For Sale - Nissan Cars, Parts & Accessories"
271695369761587200,"For Sale - Nissan Cars, Parts & Accessories"
271887527575695360,"For Sale - Nissan Cars, Parts & Accessories"
272067446456868864,"For Sale - Nissan Cars, Parts & Accessories"
272209687888400384,"For Sale - Nissan Cars, Parts & Accessories"
272396128903913472,"For Sale - Nissan Cars, Parts & Accessories"
272409349324939264,"For Sale - Nissan Cars, Parts & Accessories"
272858915824349184,"For Sale - Nissan Cars, Parts & Accessories"
272867354747224064,"For Sale - Nissan Cars, Parts & Accessories"
272922400818069504,"For Sale - Nissan Cars, Parts & Accessories"
273073521574428672,"For Sale - Nissan Cars, Parts & Accessories"
273171844436217856,"For Sale - Nissan Cars, Parts & Accessories"
273278513979744256,"For Sale - Nissan Cars, Parts & Accessories"
273697785025544192,"For Sale - Nissan Cars, Parts & Accessories"
273698019868811264,"For Sale - Nissan Cars, Parts & Accessories"
273826495598821376,"For Sale - Nissan Cars, Parts & Accessories"
273841658037170176,"For Sale - Nissan Cars, Parts & Accessories"
273971677271048192,"For Sale - Nissan Cars, Parts & Accessories"
274121594253758464,"For Sale - Nissan Cars, Parts & Accessories"
274128896532836352,"For Sale - Nissan Cars, Parts & Accessories"
274209007735021568,"For Sale - Nissan Cars, Parts & Accessories"
274210748396343296,"For Sale - Nissan Cars, Parts & Accessories"
274212807782834176,"For Sale - Nissan Cars, Parts & Accessories"
274298518389280768,"For Sale - Nissan Cars, Parts & Accessories"
274561962640293888,"For Sale - Nissan Cars, Parts & Accessories"
274567675278135296,"For Sale - Nissan Cars, Parts & Accessories"
274596381094735872,"For Sale - Nissan Cars, Parts & Accessories"
274645496373575680,"For Sale - Nissan Cars, Parts & Accessories"
274855631012388864,"For Sale - Nissan Cars, Parts & Accessories"
274885616087465984,"For Sale - Nissan Cars, Parts & Accessories"
274914808430743552,"For Sale - Nissan Cars, Parts & Accessories"
274957251108823040,"For Sale - Nissan Cars, Parts & Accessories"
275342585520861184,"For Sale - Nissan Cars, Parts & Accessories"
275602713046302720,"For Sale - Nissan Cars, Parts & Accessories"
275663479116029952,"For Sale - Nissan Cars, Parts & Accessories"
275958422602657792,"For Sale - Nissan Cars, Parts & Accessories"
275958527451860992,"For Sale - Nissan Cars, Parts & Accessories"
276017314808344576,"For Sale - Nissan Cars, Parts & Accessories"
276026735215136768,"For Sale - Nissan Cars, Parts & Accessories"
276027104322256896,"For Sale - Nissan Cars, Parts & Accessories"
276027179819745280,"For Sale - Nissan Cars, Parts & Accessories"
276068212695760896,"For Sale - Nissan Cars, Parts & Accessories"
276078249652654080,"For Sale - Nissan Cars, Parts & Accessories"
276138085601923072,"For Sale - Nissan Cars, Parts & Accessories"
276207992075075584,"For Sale - Nissan Cars, Parts & Accessories"
276279270064676864,"For Sale - Nissan Cars, Parts & Accessories"
276354557825675264,"For Sale - Nissan Cars, Parts & Accessories"
276415584940486656,"For Sale - Nissan Cars, Parts & Accessories"
276456898855841792,"For Sale - Nissan Cars, Parts & Accessories"
276514511790407680,"For Sale - Nissan Cars, Parts & Accessories"
276531666518937600,"For Sale - Nissan Cars, Parts & Accessories"
276730252477222912,"For Sale - Nissan Cars, Parts & Accessories"
276793818882379776,"For Sale - Nissan Cars, Parts & Accessories"
276799175033778176,"For Sale - Nissan Cars, Parts & Accessories"
276810663232413696,"For Sale - Nissan Cars, Parts & Accessories"
276824965783900160,"For Sale - Nissan Cars, Parts & Accessories"
276825431372595200,"For Sale - Nissan Cars, Parts & Accessories"
277093506105876480,"For Sale - Nissan Cars, Parts & Accessories"
277107540234493952,"For Sale - Nissan Cars, Parts & Accessories"
277175722852880384,"For Sale - Nissan Cars, Parts & Accessories"
277220857741455360,"For Sale - Nissan Cars, Parts & Accessories"
277244857565736960,"For Sale - Nissan Cars, Parts & Accessories"
277269893374676992,"For Sale - Nissan Cars, Parts & Accessories"
277384540471824384,"For Sale - Nissan Cars, Parts & Accessories"
277438412099842048,"For Sale - Nissan Cars, Parts & Accessories"
277459513668403200,"For Sale - Nissan Cars, Parts & Accessories"
277492212458213376,"For Sale - Nissan Cars, Parts & Accessories"
277497325327372288,"For Sale - Nissan Cars, Parts & Accessories"
277663965004304384,"For Sale - Nissan Cars, Parts & Accessories"
277761067348795392,"For Sale - Nissan Cars, Parts & Accessories"
278124621239291904,"For Sale - Nissan Cars, Parts & Accessories"
278180279628218368,"For Sale - Nissan Cars, Parts & Accessories"
278198562586759168,"For Sale - Nissan Cars, Parts & Accessories"
278220029047230464,"For Sale - Nissan Cars, Parts & Accessories"
278226345681641472,"For Sale - Nissan Cars, Parts & Accessories"
278265520464203776,"For Sale - Nissan Cars, Parts & Accessories"
278268745904963584,"For Sale - Nissan Cars, Parts & Accessories"
278330100175470592,"For Sale - Nissan Cars, Parts & Accessories"
278461897777479680,"For Sale - Nissan Cars, Parts & Accessories"
278461969093242880,"For Sale - Nissan Cars, Parts & Accessories"
278490653955088384,"For Sale - Nissan Cars, Parts & Accessories"
278497163493928960,"For Sale - Nissan Cars, Parts & Accessories"
278543099502940160,"For Sale - Nissan Cars, Parts & Accessories"
278559104971198464,"For Sale - Nissan Cars, Parts & Accessories"
278596618830376960,"For Sale - Nissan Cars, Parts & Accessories"
278629091148709888,"For Sale - Nissan Cars, Parts & Accessories"
278651782308196352,"For Sale - Nissan Cars, Parts & Accessories"
278778714538532864,"For Sale - Nissan Cars, Parts & Accessories"
278994318528753664,"For Sale - Nissan Cars, Parts & Accessories"
279257976668303360,"For Sale - Nissan Cars, Parts & Accessories"
279267137053392896,"For Sale - Nissan Cars, Parts & Accessories"
279309688254902272,"For Sale - Nissan Cars, Parts & Accessories"
279338083713966080,"For Sale - Nissan Cars, Parts & Accessories"
279348015792267264,"For Sale - Nissan Cars, Parts & Accessories"
279348015792267264,"For Sale - Nissan Cars, Parts & Accessories"
279350876332773376,"For Sale - Nissan Cars, Parts & Accessories"
279497945416622080,"For Sale - Nissan Cars, Parts & Accessories"
279761582588829696,"For Sale - Nissan Cars, Parts & Accessories"
279855253946515456,"For Sale - Nissan Cars, Parts & Accessories"
279855253946515456,"For Sale - Nissan Cars, Parts & Accessories"
279934123668303872,"For Sale - Nissan Cars, Parts & Accessories"
280055661998510080,"For Sale - Nissan Cars, Parts & Accessories"
280063266259087360,"For Sale - Nissan Cars, Parts & Accessories"
280178118910689280,"For Sale - Nissan Cars, Parts & Accessories"
280344196546703360,"For Sale - Nissan Cars, Parts & Accessories"
280394863739015168,"For Sale - Nissan Cars, Parts & Accessories"
280398349235023872,"For Sale - Nissan Cars, Parts & Accessories"
280449670726168576,"For Sale - Nissan Cars, Parts & Accessories"
280600002991108096,"For Sale - Nissan Cars, Parts & Accessories"
280721071550914560,"For Sale - Nissan Cars, Parts & Accessories"
280953566024302592,"For Sale - Nissan Cars, Parts & Accessories"
281173343376375808,"For Sale - Nissan Cars, Parts & Accessories"
281198727270629376,"For Sale - Nissan Cars, Parts & Accessories"
281220369501806592,"For Sale - Nissan Cars, Parts & Accessories"
281241198805532672,"For Sale - Nissan Cars, Parts & Accessories"
281242171892461568,"For Sale - Nissan Cars, Parts & Accessories"
281332508820385792,"For Sale - Nissan Cars, Parts & Accessories"
281432060600664064,"For Sale - Nissan Cars, Parts & Accessories"
281621332779745280,"For Sale - Nissan Cars, Parts & Accessories"
256024720179347456,Jokes
265371131731652608,Jokes
266046628778086400,Suzuki cup
266103715616940032,Suzuki cup
266151900771139584,For Sale
266456717615828992,Suzuki cup
267011183100432384,For Sale
267597063238332416,Suzuki cup
267871485333495808,For Sale
267910311888175104,Suzuki cup
268000770937458688,Suzuki cup
268003065200779264,Suzuki cup
268204345672232960,For Sale
268219147379425280,For Sale
268257172918501376,Suzuki cup
268602187972743168,Suzuki cup
268602246709788672,Suzuki cup
268963695055499264,For Sale
269017246779703296,Suzuki cup
269071712149200896,Suzuki cup
269085082411737088,For Sale
269106385285967872,Suzuki cup
269129332327321600,Suzuki cup
269441321402499072,Suzuki cup
269541686932295680,For Sale
269738081014398976,For Sale
270088057947029504,For Sale
270158790136053760,Suzuki cup
270419747227725824,Suzuki cup
270453293745061888,For Sale
270831887499546624,Suzuki cup
270910221218611200,Suzuki cup
270914033815801856,Suzuki cup
271004274270535680,For Sale
271069696734920704,Suzuki cup
271095292525420544,Suzuki cup
271273665792970752,Suzuki cup
271282838983303168,Suzuki cup
271437901164863488,Suzuki cup
271485399745048576,Suzuki cup
271491069399678976,Suzuki cup
271496993753403392,Suzuki cup
271630962004205568,Suzuki cup
271638771831812096,Suzuki cup
271726726378291200,For Sale
271803361299398656,Suzuki cup
271873493468078080,Suzuki cup
271902262169841664,Suzuki cup
272022268417302528,Suzuki cup
272065366065299456,For Sale
272104385679618048,Suzuki cup
272106218590466048,Suzuki cup
272151797072805888,Suzuki cup
272156751590203392,Suzuki cup
272171372338352128,Suzuki cup
272172933206654976,Suzuki cup
272192403165827072,Suzuki cup
272201672556703744,Suzuki cup
272286934372589568,Suzuki cup
272316116536262656,Suzuki cup
272316936224927744,Suzuki cup
272332589380038656,Suzuki cup
272335003730456576,Suzuki cup
272339151486083072,Suzuki cup
272354473874169856,Suzuki cup
272357579412353024,Suzuki cup
272360267600515072,Suzuki cup
272363845341822976,Suzuki cup
272364508058624000,Suzuki cup
272464382787743744,Suzuki cup
272522921837215744,Suzuki cup
272535799231287296,Suzuki cup
272586507099971584,Suzuki cup
272681195412803584,Suzuki cup
272694062878965760,Suzuki cup
272695631565430784,Suzuki cup
272702261405298688,Suzuki cup
272705704916299776,Suzuki cup
272760917421334528,Suzuki cup
272792556717350912,Suzuki cup
272793165914857472,For Sale
272854562140979200,For Sale
272878050226622464,Suzuki cup
272898384233381888,Suzuki cup
273006207202107392,Suzuki cup
273022445756243968,Suzuki cup
273094681842315264,Suzuki cup
273134028587143168,For Sale
273575721383915520,Suzuki cup
273606382719234048,Suzuki cup
273616189006180352,Suzuki cup
273626520646479872,Suzuki cup
273734061527269376,Suzuki cup
273737236644757504,Suzuki cup
273740183101382656,Suzuki cup
273740428510101504,Suzuki cup
273743574233927680,Suzuki cup
273744501183496192,Suzuki cup
273748569620631552,For Sale
273758518522281984,Suzuki cup
273768819732910080,Suzuki cup
273773500601356288,Suzuki cup
273775832596631552,Suzuki cup
273780530229690368,Suzuki cup
273787585501995008,Suzuki cup
273797856903696384,Suzuki cup
273822230000046080,Suzuki cup
273885392036577280,Suzuki cup
273916652196876288,For Sale
274023820854165504,Suzuki cup
274035514540191744,Suzuki cup
274053873025552384,Suzuki cup
274076249629020160,Suzuki cup
274082306208194560,For Sale
274107387227557888,Suzuki cup
274129085289074688,Suzuki cup
274129706033508352,Suzuki cup
274133078274879488,Suzuki cup
274138956050857984,Suzuki cup
274203790029254656,Suzuki cup
274502890062745600,Suzuki cup
274512423682203648,For Sale
274519696718565376,Suzuki cup
274521237793959936,For Sale
274522754286493696,For Sale
274531519874363392,Suzuki cup
274531646194196480,Suzuki cup
274531679689924608,Suzuki cup
274531846296059904,Suzuki cup
274532994964922368,Suzuki cup
274535362045566976,Suzuki cup
274538701026119680,Suzuki cup
274548805100269568,Suzuki cup
274551179055341568,Suzuki cup
274586964857069568,Suzuki cup
274591456990203904,Suzuki cup
274602970316955648,Suzuki cup
274656481255772160,Suzuki cup
274825801139105792,Suzuki cup
274831191687983104,Suzuki cup
274837398381281280,Suzuki cup
274841571772485632,Suzuki cup
274846254083739648,Suzuki cup
274853478231314432,Suzuki cup
274856929552134144,Suzuki cup
274870571517489152,Suzuki cup
274872831869845504,Suzuki cup
274874506420572160,Suzuki cup
274879566672191488,Suzuki cup
274883105427451904,Suzuki cup
274883637097414656,Suzuki cup
274885508042199040,Suzuki cup
274886041889021952,Suzuki cup
274886626927341568,Suzuki cup
274886740173533184,Suzuki cup
274886752731279360,Suzuki cup
274887023943356416,Suzuki cup
274887356732018688,Suzuki cup
274887495047589888,Suzuki cup
274888070342512640,Suzuki cup
274888078705954816,Suzuki cup
274888464095391744,Suzuki cup
274888537550245888,Suzuki cup
274897092177186816,Suzuki cup
274898857496813568,Suzuki cup
274910140174594048,Suzuki cup
274910561739882496,Suzuki cup
274940418867752960,For Sale
274941333221806080,Suzuki cup
275069339491790848,Suzuki cup
275128399192788992,Suzuki cup
275199689769512960,Suzuki cup
275267582959968256,Suzuki cup
275347044066021376,Suzuki cup
275686564577808384,Suzuki cup
275693329994379264,For Sale
275853823308857344,Suzuki cup
275863094465556480,Suzuki cup
275902541873680384,Suzuki cup
275903959561023488,Suzuki cup
275920556426158080,Suzuki cup
276019101590245376,Suzuki cup
276129634058371072,For Sale
276165663133941760,Suzuki cup
276231250094727168,Suzuki cup
276292217864323072,Suzuki cup
276484627391184896,Suzuki cup
276540822684569600,Suzuki cup
276646800146984960,For Sale
276727838311333888,For Sale
276869716885266432,Suzuki cup
276891364329914368,Suzuki cup
276945073898414080,Suzuki cup
276948936823029760,Suzuki cup
277067480436977664,For Sale
277114376970977280,Suzuki cup
277240591971147776,Suzuki cup
277248707957751808,For Sale
277305435910967296,Suzuki cup
277315355444121600,Suzuki cup
277321630106136576,Suzuki cup
277329620255272960,Suzuki cup
277349111374700544,Suzuki cup
277355597660307456,Suzuki cup
277374474146443264,Suzuki cup
277374750962098176,Suzuki cup
277379506627559424,Suzuki cup
277381331816681472,Suzuki cup
277381516382851072,Suzuki cup
277381994541899776,Suzuki cup
277383421548969984,Suzuki cup
277431445356675072,For Sale
277666703897411584,Suzuki cup
277682001484587008,Suzuki cup
277725856141557760,Suzuki cup
277738460033462272,Suzuki cup
277747855291203584,Suzuki cup
277750787084533760,Suzuki cup
277757321726267392,Suzuki cup
277762591013617664,Suzuki cup
277773024969752576,Suzuki cup
277779320947228672,Suzuki cup
277780589577371648,Suzuki cup
277938608030248960,Suzuki cup
278421611491774464,Suzuki cup
278499699776958464,Suzuki cup
278520576115630080,Suzuki cup
278703410012893184,Suzuki cup
278814358350462976,Suzuki cup
278814772986773504,Suzuki cup
278859681395511296,Suzuki cup
278859764442726400,Suzuki cup
278859819845292032,Suzuki cup
278860031829618688,Suzuki cup
278860222469136384,Suzuki cup
278860550614708224,Suzuki cup
278861217131532288,Suzuki cup
278862673179987968,Suzuki cup
278862758915764224,Suzuki cup
278864383201927168,Suzuki cup
278865192954261504,Suzuki cup
278866172982743040,Suzuki cup
278884700817346560,Suzuki cup
278891912721739776,Suzuki cup
278940199432617984,For Sale
279000148632272896,Suzuki cup
279033609988501504,Suzuki cup
279056041923182592,Suzuki cup
279148658044313600,Suzuki cup
279152213706805248,Suzuki cup
279188999044726784,Suzuki cup
279206387559587840,Suzuki cup
279207804231905280,Suzuki cup
279225941346099200,Suzuki cup
279225952930770944,Suzuki cup
279234199238635520,Suzuki cup
279254940008992768,Suzuki cup
279315195380260864,Suzuki cup
279389283570311168,Suzuki cup
279398573962047488,For Sale
279474318881206272,Suzuki cup
280007192617312256,Suzuki cup
280141863531474944,Suzuki cup
280180106998210560,Suzuki cup
280295624551829504,Suzuki cup
280558542296076288,Suzuki cup
280694072820244480,For Sale
280706852885495808,For Sale
280741338427822080,For Sale
280755729093259264,For Sale
280797852471549952,Suzuki cup
280947165503836160,Suzuki cup
280949346923597824,Suzuki cup
280967516266831872,Suzuki cup
280970951431168000,Suzuki cup
281008880518053888,Suzuki cup
281115566805250048,For Sale
281125641552789504,For Sale
281195056877162496,Suzuki cup
281235314205392896,Suzuki cup
281261715746861056,Suzuki cup
281361122349707264,Suzuki cup
281364918219968512,Suzuki cup
281368468341792768,Suzuki cup
281369770983575552,Suzuki cup
281374785349496832,Suzuki cup
281393531736707072,Suzuki cup
281396883551813632,Suzuki cup
281424498278952960,Suzuki cup
281526235308359680,For Sale
281598958600613888,Suzuki cup
281602684908339200,For Sale
281820851618340864,For Sale
281984866994778112,Suzuki cup
282191565164793856,Suzuki cup
282366161461575680,Suzuki cup
282427201763303424,Suzuki cup
282455880849571840,Suzuki cup
282459723796725760,Suzuki cup
282463217668743168,Suzuki cup
282468225646751744,Suzuki cup
282469126595805184,Suzuki cup
282470675128647680,Suzuki cup
282478677038600192,Suzuki cup
282484494479540224,Suzuki cup
282484650553782272,Suzuki cup
282484719642365952,Suzuki cup
282484940602503168,Suzuki cup
282484991882047488,Suzuki cup
282485103555379200,Suzuki cup
282485433303183360,Suzuki cup
282485820752023552,Suzuki cup
282486043079491584,Suzuki cup
282486258909990912,Suzuki cup
282488926357291008,Suzuki cup
282489264288178176,Suzuki cup
282489558304714752,Suzuki cup
282489704308420608,Suzuki cup
282490216407764992,Suzuki cup
282491419334148096,Suzuki cup
282491891788947456,Suzuki cup
282492061901533184,Suzuki cup
282492570939047936,Suzuki cup
282492628984020992,Suzuki cup
282492634143023104,Suzuki cup
282493154094092288,Suzuki cup
282494247674986496,Suzuki cup
282496412061663232,Suzuki cup
282498888408121344,Suzuki cup
282499624219074560,Suzuki cup
282500317965344768,Suzuki cup
282500878320144384,Suzuki cup
282501553611493376,Suzuki cup
282501759971250176,Suzuki cup
282503128962711552,Suzuki cup
282503470400036864,Suzuki cup
282503705780162560,Suzuki cup
282504263119298560,Suzuki cup
282522248299044864,Suzuki cup
282594449056473088,Suzuki cup
282608143442272256,Suzuki cup
282717949519863808,Suzuki cup
282728284289134592,Suzuki cup
282754218497032192,Suzuki cup
282761596240023552,Suzuki cup
282762044053278720,Suzuki cup
282879795937828864,Suzuki cup
282894530515202048,Suzuki cup
284713453392896000,For Sale
284814422843719680,For Sale
284866256048361472,Suzuki cup
284938016420659200,For Sale
285811441573978112,Suzuki cup
273798337050849280,Suzuki cup
267540039209193472,For Sale
274112312279965696,For Sale
274888627589373952,Suzuki cup
276292217868533760,Suzuki cup
275780273734565888,Suzuki cup
277067472069353472,For Sale
279073162262634496,Suzuki cup
282496692413145088,Suzuki cup
282497732613136384,Suzuki cup
282011671462043648,For Sale
239075357393842176,For Sale
239100489655021568,User Comments
267491921574903808,Jokes
270721880183422976,Jokes
278848696500760576,User Comments
264116186910965760,For Sale
264261435683655680,For Sale
264304968339714048,For Sale
264772041843015680,For Sale
264829805797707776,For Sale
265848350597857280,For Sale
266616429841883136,For Sale
266709869019684864,For Sale
267031307903717376,For Sale
267041382621904896,For Sale
268071193318400000,For Sale
268375410381840384,For Sale
268444863844986880,For Sale
268709826434068480,For Sale
268826054779600896,For Sale
269197745598910464,For Sale
269696385450917888,For Sale
270438164865380352,For Sale
270585452073996288,For Sale
271233375572983808,For Sale
271400606659403776,For Sale
271432151990411264,For Sale
272019690115719168,For Sale
272294819697659904,For Sale
272405029221175296,For Sale
272737155162439680,For Sale
273060225639145472,For Sale
273130526343319552,For Sale
273148561888264192,For Sale
273249985670291456,For Sale
273844753420935168,For Sale
274117672583704576,For Sale
274219532523020288,For Sale
274673426243932160,For Sale
274931350782488576,For Sale
274956759892901888,For Sale
274969367945572352,For Sale
275681506230427648,For Sale
275834304737714176,For Sale
275985211588751360,For Sale
276104216588722176,For Sale
276411491287175168,For Sale
276745097847136256,For Sale
277045892387852288,For Sale
277102712603160576,For Sale
277182211428581376,For Sale
278262802584596480,For Sale
278992980570931200,For Sale
279023519289991168,For Sale
279149067379023872,For Sale
279214150419361792,For Sale
279346765910663168,For Sale
279379447910649856,For Sale
279432090641129472,For Sale
279793308295888896,For Sale
279855253946515456,For Sale
279855253946515456,For Sale
279984178483843072,For Sale
280222322680557568,For Sale
280759822738141184,For Sale
280797143663521792,For Sale
281071719572193280,For Sale
281494694171668480,For Sale
262431741858430976,MotoGP - User Comments
262432064832405504,MotoGP - User Comments
262433910309388288,MotoGP - User Comments
262505851007410176,For Sale
262531734082555904,User Comments
262534183535136768,MotoGP - User Comments
262544312783482880,MotoGP - User Comments
262575603226640384,MotoGP - User Comments
262620191928754176,For Sale
262666341859880960,MotoGP - User Comments
262967178314256384,For Sale
263058492498251776,Jokes
263128130519171072,Jokes
263323568333529088,For Sale
263418619629821952,MotoGP - User Comments
264157249172295680,User Comments
264230800491442176,User Comments
264325461742612480,User Comments
264372521795715072,MotoGP - User Comments
264485856092495872,For Sale
264740328702107648,Spam
264799560679960576,For Sale
264829646405775360,MotoGP - User Comments
264941680489267200,User Comments
265140486300381184,User Comments
265180442595041280,User Comments
265608314753261568,MotoGP - User Comments
265791878467837952,For Sale
265796030853947392,User Comments
265802964034260992,For Sale
265812443165511680,MotoGP - User Comments
265823394493259776,MotoGP - User Comments
266052424458989568,For Sale
266118929334804480,MotoGP - User Comments
266239637209628672,For Sale
266262328377503744,User Comments
266505715483553792,MotoGP - User Comments
266528784122015744,Jokes
266536644277071872,User Comments
266594743771856896,For Sale
266697264653799424,User Comments
266697264653799424,User Comments
266937011540221952,MotoGP - User Comments
267201663734009856,For Sale
267251240168202240,Jokes
267258358166351872,MotoGP - User Comments
267318051488288768,MotoGP - User Comments
267607194227318784,MotoGP - User Comments
267628182541328384,MotoGP - User Comments
267634796937764864,MotoGP - User Comments
267636902490943488,MotoGP - User Comments
267640782201176064,MotoGP - User Comments
267738324943380480,MotoGP - User Comments
267766334513893376,MotoGP - User Comments
268079829352595456,User Comments
268091137204568064,MotoGP - User Comments
268091166577291264,MotoGP - User Comments
268145684602044416,MotoGP - User Comments
268178303226105856,MotoGP - User Comments
268181444789157888,User Comments
268181444789157888,User Comments
268188034011381760,User Comments
268250730467586048,MotoGP - User Comments
268260956189110272,MotoGP - User Comments
268277129429536768,MotoGP - User Comments
268278219969536000,MotoGP - User Comments
268285115392737280,MotoGP - User Comments
268285652242673664,MotoGP - User Comments
268285681611194368,MotoGP - User Comments
268299851182264320,MotoGP - User Comments
268301376692551680,MotoGP - User Comments
268374894465650688,MotoGP - User Comments
268401838666162176,Spam
268401838666162176,Spam
268473656173268992,MotoGP - User Comments
268501684089679872,MotoGP - User Comments
268586765516947456,MotoGP - User Comments
268639651500273664,MotoGP - User Comments
268653995608920064,MotoGP - User Comments
268656902685196288,MotoGP - User Comments
268667948779057152,MotoGP - User Comments
268732659088363520,MotoGP - User Comments
268749408064122880,MotoGP - User Comments
268761017901801472,MotoGP - User Comments
268769159335247872,User Comments
268783960736280576,For Sale
269028501242400768,MotoGP - User Comments
269117231735115776,For Sale
269226682110574592,User Comments
269403520720064512,User Comments
269414689270820864,User Comments
269440037949669376,For Sale
269456773222637568,User Comments
269469551975092224,For Sale
269474552889876480,User Comments
269477304365895680,User Comments
269542471271317504,MotoGP - User Comments
269787422794076160,For Sale
269852031861268480,User Comments
269852031861268480,User Comments
270506045506457600,MotoGP - User Comments
270522814304509952,User Comments
270620902327197696,For Sale
270635301360263168,User Comments
270910812586131456,MotoGP - User Comments
270973358076747776,MotoGP - User Comments
271174550451019776,For Sale
271480025814016000,For Sale
271518114263482368,User Comments
271608316961120256,User Comments
271836935914418176,MotoGP - User Comments
272216658817449984,For Sale
272402290332295168,For Sale
272426515466186752,MotoGP - User Comments
273632188187148288,User Comments
273744912225300480,User Comments
274085131923382272,For Sale
274241666674720768,User Comments
274644271628439552,User Comments
275030336377876480,User Comments
275033305936699392,For Sale
275313120539471872,For Sale
275335270667284480,For Sale
275667375628619776,User Comments
276002672501481472,For Sale
276073216492044288,User Comments
276096742351597568,For Sale
276434501259902976,For Sale
276658242199879680,For Sale
276813389517430784,User Comments
276909334217232384,For Sale
277077337076559872,MotoGP - User Comments
277108207141408768,For Sale
277142550106755072,User Comments
277142550106755072,User Comments
277247172838297600,For Sale
277321273581907968,For Sale
277608520499732480,For Sale
277834694169620480,User Comments
277851643331108864,User Comments
278239487920857088,For Sale
278336945279606784,User Comments
278461763551387648,For Sale
278553031639973888,MotoGP - User Comments
278560040288411648,For Sale
278629342790160384,User Comments
278728286413144064,User Comments
278785026982817792,Spam
278785303785906176,Spam
278786109104861184,Spam
278786197172670464,Spam
278786213954060288,Spam
278786494968238080,Spam
278786880848404480,Spam
278786935370158080,Spam
278787061224443904,Spam
278787723911913472,Spam
278789280002883584,Spam
278789418414911488,Spam
278789716197928960,Spam
278790240485900288,Spam
278790638953197568,Spam
278790748005089280,Spam
278792786432630784,Spam
278792975184691200,Spam
278793163903217664,Spam
278794887778947072,Spam
278795319800643584,Spam
278795907003211776,Spam
278799539266269184,Spam
278802953412947968,Spam
278803796472246272,Spam
278804933149614080,Spam
278806124315176960,Spam
278806229193732096,Spam
278808615744323584,Spam
278809001616093184,Spam
278809253286920192,Spam
278809332978679808,Spam
278810662543691776,Spam
278811165860167680,Spam
278812201882615808,Spam
278815129481641984,Spam
278815968355041280,Spam
278815997719355392,Spam
278822855377031168,Spam
278823388078821376,Spam
278823899771314176,Spam
278824990286168064,Spam
278828148618043392,Spam
278829687927623680,Spam
278832619746103296,Spam
278833974506311680,Spam
278834037412487168,Spam
278837946495410176,Spam
278838990902280192,Spam
278839049622519808,Spam
278839578067079168,Spam
278840102367678464,Spam
278840190464847872,Spam
278840928649760768,Spam
278841113211719680,Spam
278841272574300160,Spam
278841570395033600,Spam
278842413445963776,Spam
278843369743065088,Spam
278843562676850688,Spam
278843638161760256,Spam
278843680125751296,Spam
278844070191837184,Spam
278844787426209792,Spam
278844942611255296,Spam
278846192492871680,Spam
278846419010478080,Spam
278846653891489792,Spam
278847429808373760,Spam
278849145303875584,Spam
278849149498183680,Spam
278850999165280256,Spam
278851162759897088,Spam
278852408447205376,Spam
278854002291126272,Spam
278854933443383296,Spam
278855726175232000,Spam
278855763907203072,Spam
278855763915579392,Spam
278856179160059904,Spam
278858750255824896,Spam
278859127730622464,Spam
278859605902229504,Spam
278860415407095808,Spam
278860918698409984,Spam
278860943851671552,Spam
278862177014784000,Spam
278875225473576960,For Sale
278884826231230464,Spam
278905491583799296,Spam
278906120725204992,Spam
278906682745176064,Spam
278957224108376064,User Comments
278958893466525696,User Comments
278978740917256192,For Sale
279069555966500864,User Comments
279220517356048384,Jokes
279286917399445504,For Sale
279342470960132096,MotoGP - User Comments
279761926496587776,For Sale
279776275235758080,Spam
279776275235758080,Spam
279801371170054144,User Comments
279916641809211392,User Comments
280097315656716288,For Sale
280201707667980288,User Comments
280321939430592512,MotoGP - User Comments
280502699307433984,User Comments
280665333445058560,For Sale
281020597847334912,User Comments
281027037655887872,MotoGP - User Comments
281097153819049984,For Sale
281337575543803904,Jokes
281416315175071744,For Sale
281425953685643264,For Sale
281436028403855360,For Sale
281469847110561792,Spam
281469847110561792,Spam
281540932178944000,For Sale
281665435869540352,User Comments
281863407035113472,MotoGP - User Comments
281987898172116992,User Comments
282076918055043072,MotoGP - User Comments
282572936475447296,For Sale
282582709187002368,User Comments
282582969246429184,MotoGP - User Comments
282929473257623552,User Comments
283161615426265088,For Sale
283374140784771072,User Comments
283584564843130880,For Sale
283770766783291392,User Comments
283807580189507584,Spam
283807580189507584,Spam
283855437185560576,For Sale
284009984688287744,User Comments
284170580394127360,User Comments
284183712768348160,For Sale
284340097409761280,MotoGP - User Comments
284459383394562048,User Comments
284799176540307456,For Sale
284834748461891584,For Sale
285120934216613888,For Sale
285326069215678464,MotoGP - User Comments
285406553706749952,For Sale
285469095007248384,MotoGP - User Comments
285675895128219648,Jokes
269400741624545280,User Comments
267491921574903808,Jokes
265182643258277888,money laundering / terrorism finance
265220436399357952,money laundering / terrorism finance
265237278249607168,money laundering / terrorism finance
265249219437277184,money laundering / terrorism finance
265263664599293952,money laundering / terrorism finance
265367691756466176,money laundering / terrorism finance
265370320175771648,money laundering / terrorism finance
265377254748602368,money laundering / terrorism finance
265381423899369472,money laundering / terrorism finance
265382090785296384,money laundering / terrorism finance
265388317430910976,money laundering / terrorism finance
265389252156727296,Jokes
265391339221446656,money laundering / terrorism finance
265391490228953088,money laundering / terrorism finance
265394220695695360,money laundering / terrorism finance
265394879222398976,money laundering / terrorism finance
265399031574953984,money laundering / terrorism finance
265415703954337792,money laundering / terrorism finance
265435073241821184,money laundering / terrorism finance
265438294479867904,money laundering / terrorism finance
265438797796343808,money laundering / terrorism finance
265438936195821568,money laundering / terrorism finance
265443281469595648,money laundering / terrorism finance
265447920382406656,money laundering / terrorism finance
265449510036201472,money laundering / terrorism finance
265454622880174080,money laundering / terrorism finance
265460635574353920,money laundering / terrorism finance
265469207943208960,money laundering / terrorism finance
265481407701319680,money laundering / terrorism finance
265483936891813888,money laundering / terrorism finance
265499841692565504,money laundering / terrorism finance
265501732031848448,money laundering / terrorism finance
265502882529427456,money laundering / terrorism finance
265506820980891648,money laundering / terrorism finance
265530187465252864,money laundering / terrorism finance
265530737019719680,money laundering / terrorism finance
265536512484069376,money laundering / terrorism finance
265539013727903744,money laundering / terrorism finance
265565021155778560,money laundering / terrorism finance
265577230976032768,money laundering / terrorism finance
265587490071650304,money laundering / terrorism finance
265596923048783872,money laundering / terrorism finance
265610424492376064,money laundering / terrorism finance
265625352024518656,money laundering / terrorism finance
265660245500649472,money laundering / terrorism finance
265662366744719360,money laundering / terrorism finance
265673364230782976,money laundering / terrorism finance
265686463964917760,money laundering / terrorism finance
265722961854619648,money laundering / terrorism finance
265724290622709760,money laundering / terrorism finance
266228576846745600,money laundering / terrorism finance
266659253656383488,money laundering / terrorism finance
266739380142628864,money laundering / terrorism finance
266825902514651136,money laundering / terrorism finance
266864464052252672,money laundering / terrorism finance
266910553895739392,money laundering / terrorism finance
266942552215789568,money laundering / terrorism finance
266942632125689856,money laundering / terrorism finance
266986240174342144,money laundering / terrorism finance
267037137973686272,money laundering / terrorism finance
267080572520787968,money laundering / terrorism finance
268563105481641984,Jokes
268847848366419968,Jokes
269586771505975296,money laundering / terrorism finance
271363814224695296,Jokes
272788514444296192,money laundering / terrorism finance
274067831652499456,money laundering / terrorism finance
274556778463760384,money laundering / terrorism finance
276494130333491200,money laundering / terrorism finance
276496010728071168,money laundering / terrorism finance
276497185141563392,money laundering / terrorism finance
276511701602533376,money laundering / terrorism finance
276557033224949760,money laundering / terrorism finance
276563295752822784,money laundering / terrorism finance
276630236823707648,money laundering / terrorism finance
276685081547005952,Jokes
276767431425413120,money laundering / terrorism finance
276935640883556352,money laundering / terrorism finance
278156225307357184,money laundering / terrorism finance
278245807260581888,money laundering / terrorism finance
278250358264958976,money laundering / terrorism finance
278250708078325760,money laundering / terrorism finance
278254032278126592,money laundering / terrorism finance
278259912704917504,money laundering / terrorism finance
278261210489696256,money laundering / terrorism finance
278261569459216384,money laundering / terrorism finance
278262242452054016,money laundering / terrorism finance
278262244729556992,money laundering / terrorism finance
278265159762464768,money laundering / terrorism finance
278270392395763712,money laundering / terrorism finance
278271164407762944,money laundering / terrorism finance
278272432677199872,money laundering / terrorism finance
278273997152583680,money laundering / terrorism finance
278274462732926976,money laundering / terrorism finance
278275465188360192,money laundering / terrorism finance
278276836696420352,money laundering / terrorism finance
278277511983529984,money laundering / terrorism finance
278279403635634176,money laundering / terrorism finance
278279521076121600,money laundering / terrorism finance
278284428395024384,money laundering / terrorism finance
278285841883885568,money laundering / terrorism finance
278286798197772288,money laundering / terrorism finance
278286986903687168,money laundering / terrorism finance
278290002620862464,money laundering / terrorism finance
278290111668559872,money laundering / terrorism finance
278291187532713984,money laundering / terrorism finance
278292997379088384,money laundering / terrorism finance
278293404205588480,money laundering / terrorism finance
278294255632543744,money laundering / terrorism finance
278294300847120384,money laundering / terrorism finance
278295056778153984,money laundering / terrorism finance
278296075486519296,money laundering / terrorism finance
278297430737436672,money laundering / terrorism finance
278298907124056064,money laundering / terrorism finance
278299309806596096,money laundering / terrorism finance
278301209813716992,money laundering / terrorism finance
278301344039845888,money laundering / terrorism finance
278305724055052288,money laundering / terrorism finance
278306746303381504,money laundering / terrorism finance
278309757805289472,money laundering / terrorism finance
278312278581989376,money laundering / terrorism finance
278319740013916160,money laundering / terrorism finance
278323452786638848,money laundering / terrorism finance
278343748449075200,money laundering / terrorism finance
278345564591108096,money laundering / terrorism finance
278345909434191872,money laundering / terrorism finance
278353248530878464,money laundering / terrorism finance
278354938860544000,money laundering / terrorism finance
278355060470185984,money laundering / terrorism finance
278355295338651648,money laundering / terrorism finance
278360433377820672,money laundering / terrorism finance
278361108648181760,money laundering / terrorism finance
278361502921142272,money laundering / terrorism finance
278364276832489472,money laundering / terrorism finance
278369805944373248,money laundering / terrorism finance
278371783181234176,money laundering / terrorism finance
278373083394502656,money laundering / terrorism finance
278376618798493696,money laundering / terrorism finance
278378611487162368,money laundering / terrorism finance
278380452774019072,money laundering / terrorism finance
278380599096532992,money laundering / terrorism finance
278382671581827072,money laundering / terrorism finance
278383749522137088,money laundering / terrorism finance
278385116844265472,money laundering / terrorism finance
278385464975691776,money laundering / terrorism finance
278386995900858368,money laundering / terrorism finance
278388103192907776,money laundering / terrorism finance
278388900119052288,money laundering / terrorism finance
278388921077993472,money laundering / terrorism finance
278389382455640064,money laundering / terrorism finance
278390849677717504,money laundering / terrorism finance
278393090232971264,money laundering / terrorism finance
278393425773088768,money laundering / terrorism finance
278395577916612608,money laundering / terrorism finance
278396016942792704,money laundering / terrorism finance
278397084837752832,money laundering / terrorism finance
278398597341532160,money laundering / terrorism finance
278398601552621568,money laundering / terrorism finance
278398756729282560,money laundering / terrorism finance
278398781903486976,money laundering / terrorism finance
278399016792895488,money laundering / terrorism finance
278399066331828224,money laundering / terrorism finance
278399696270147584,money laundering / terrorism finance
278399956316983296,money laundering / terrorism finance
278399960507088896,money laundering / terrorism finance
278400061157818368,money laundering / terrorism finance
278400136667885568,money laundering / terrorism finance
278402753913577472,money laundering / terrorism finance
278403149730033664,money laundering / terrorism finance
278403154624782336,money laundering / terrorism finance
278403836039802880,money laundering / terrorism finance
278405362758086656,money laundering / terrorism finance
278405412817100800,money laundering / terrorism finance
278405807350116352,money laundering / terrorism finance
278409016001044480,money laundering / terrorism finance
278409276404428800,money laundering / terrorism finance
278411499020627968,money laundering / terrorism finance
278411532575047680,money laundering / terrorism finance
278412224664576000,money laundering / terrorism finance
278412513970909184,money laundering / terrorism finance
278414141427953664,money laundering / terrorism finance
278414454180413440,money laundering / terrorism finance
278416754508709888,money laundering / terrorism finance
278417392009355264,money laundering / terrorism finance
278417425593167872,money laundering / terrorism finance
278420193825411072,money laundering / terrorism finance
278422303577096192,money laundering / terrorism finance
278422630699241472,money laundering / terrorism finance
278423117259493376,money laundering / terrorism finance
278425923232071680,money laundering / terrorism finance
278425969382019072,money laundering / terrorism finance
278426199443791872,money laundering / terrorism finance
278426969845141504,money laundering / terrorism finance
278427860920848384,money laundering / terrorism finance
278432646269399040,money laundering / terrorism finance
278436442781392896,money laundering / terrorism finance
278437991788204032,money laundering / terrorism finance
278439224758394880,money laundering / terrorism finance
278441551212969984,money laundering / terrorism finance
278441807065530368,money laundering / terrorism finance
278448366952775680,money laundering / terrorism finance
278450147208347648,money laundering / terrorism finance
278458399723778048,money laundering / terrorism finance
278458794000932864,money laundering / terrorism finance
278461692264984576,money laundering / terrorism finance
278462896051212288,money laundering / terrorism finance
278464796041543680,money laundering / terrorism finance
278470005367115776,money laundering / terrorism finance
278470059901472768,money laundering / terrorism finance
278470894588928000,money laundering / terrorism finance
278472953958641664,money laundering / terrorism finance
279361954429161472,Sports sponsors
279373198431232000,Sports sponsors
279380060308373504,Sports sponsors
279404236268240896,Sports sponsors
279487140889513984,Sports sponsors
279716477957988352,Sports sponsors
279736534205349888,Sports sponsors
279836346061832192,Sports sponsors
279915651940892672,Sports sponsors
279981879178952704,Sports sponsors
280022350857129984,Sports sponsors
280068127486775296,Sports sponsors
280353639300751360,Sports sponsors
280373489578438656,Sports sponsors
280373871251693568,Sports sponsors
280377008586895360,Sports sponsors
280381644706295808,Sports sponsors
280388379378601984,Sports sponsors
280399989186895872,Sports sponsors
280401624961282048,Sports sponsors
280402518364803072,Sports sponsors
280414740579229696,Sports sponsors
280416587780071424,Sports sponsors
280420746818367488,Sports sponsors
280421921219289088,Sports sponsors
280423766717239296,Sports sponsors
280430400097112064,Sports sponsors
280440464237273088,Sports sponsors
280441992679391232,Sports sponsors
280446298522537984,Sports sponsors
280460504605011968,Sports sponsors
280466234028474368,Sports sponsors
280474589103001600,Sports sponsors
280520814523191296,Sports sponsors
280587697255505920,Sports sponsors
280701962301874176,Sports sponsors
280766281957900288,Sports sponsors
280774641189011456,Sports sponsors
280778130870923264,Sports sponsors
280797546299940864,Sports sponsors
280870011273363456,Sports sponsors
280992925385646080,Sports sponsors
281013641023725568,Sports sponsors
281096931508363264,Sports sponsors
281318898278739968,Sports sponsors
281394701943308288,Sports sponsors
281404306907881472,Sports sponsors
281423463309258752,Sports sponsors
281425416852492288,Sports sponsors
281514905121738752,Sports sponsors
281548238639747072,Sports sponsors
281705650856288256,Sports sponsors
281708544934424576,Sports sponsors
281830238466494464,Sports sponsors
281873010997198848,Sports sponsors
281895237620727808,Sports sponsors
282145960505778176,Sports sponsors
282206069072199680,Sports sponsors
282246980334391296,Sports sponsors
282515582694334464,Sports sponsors
282530917933785088,Sports sponsors
282541323989417984,Sports sponsors
282543416947130368,Sports sponsors
282547250528403456,Sports sponsors
282552422134587392,Sports sponsors
282585376785330176,Sports sponsors
282590032429191168,Sports sponsors
282593746711879680,Sports sponsors
282595006898900992,Sports sponsors
282599183360331776,Sports sponsors
282748392571035648,Sports sponsors
282851178189029376,Sports sponsors
282855531884990464,Sports sponsors
282894174662033408,Sports sponsors
282945004127789056,Sports sponsors
282977838104190976,Sports sponsors
282981428109656064,Sports sponsors
283100563695104000,Sports sponsors
283167776863051776,Sports sponsors
283170620575973376,Sports sponsors
283260450018304000,Sports sponsors
283555628348223488,Sports sponsors
283701573329240064,Sports sponsors
283702479303110656,Sports sponsors
283926785681420288,Sports sponsors
283930947261435904,Sports sponsors
283958251807207424,Sports sponsors
283993374309109760,Sports sponsors
284003889609580544,Sports sponsors
284024268319240192,Sports sponsors
284033409708351488,Sports sponsors
284074620783566848,Sports sponsors
284079480144814080,Sports sponsors
284079903954042880,Sports sponsors
284089351242121216,Sports sponsors
284098878792421376,Sports sponsors
284126062055677952,Sports sponsors
284202566160629760,Sports sponsors
284204927566364672,Sports sponsors
284350146953756672,Sports sponsors
284354726257106944,Sports sponsors
284394312995831808,Sports sponsors
284448172019965952,Sports sponsors
284465553249296384,Sports sponsors
284486881247367168,Sports sponsors
284516950250496000,Sports sponsors
284604497920159744,Sports sponsors
284631751446380544,Sports sponsors
284696548045123584,Sports sponsors
284829086126325760,Sports sponsors
284920215773515776,Sports sponsors
284949785612521472,Sports sponsors
284992332644904960,Sports sponsors
284996075159433216,Sports sponsors
285052999057940480,Sports sponsors
285064091284938752,Sports sponsors
285098129789943808,Sports sponsors
285158645208055808,Sports sponsors
285186158055542784,Sports sponsors
285342108221599744,Sports sponsors
285414485227888640,Sports sponsors
285482588053839872,Sports sponsors
285543718365298688,Sports sponsors
285609599992725504,Sports sponsors
285698984784306176,Sports sponsors
285865524758454272,Sports sponsors
265080214143524864,Sports sponsors
272054129529073664,Sports sponsors
279181631921745920,Sports sponsors
280415575237353472,Sports sponsors
279276962944516096,Sports sponsors
263734172932263936,Princeton Offense
263775655597047808,Princeton Offense
263787756126355456,Princeton Offense
263869356348428288,Princeton Offense
263875287081701376,Princeton Offense
263888868246429696,Princeton Offense
263890182988779520,Princeton Offense
263904991121645568,Princeton Offense
263971114345189376,Princeton Offense
264008829891641344,Princeton Offense
264015129354579968,Princeton Offense
264015376847872000,Princeton Offense
264019417971687424,Princeton Offense
264058506850754560,Princeton Offense
264060139131269120,Princeton Offense
264081139340288000,Princeton Offense
264103213924491264,Princeton Offense
264118630592163840,Princeton Offense
264222462219284480,Princeton Offense
264226262225133568,Princeton Offense
264512397644013568,Princeton Offense
264515883123236864,Princeton Offense
264706772030337024,Princeton Offense
264734213411069952,Princeton Offense
264781646807576576,Princeton Offense
264879416050597888,Princeton Offense
265086228788019200,Princeton Offense
265126770913726464,Princeton Offense
265289481962266624,Princeton Offense
265292248814596096,Princeton Offense
265297923682758656,Princeton Offense
265328139469725696,Princeton Offense
265467847529074688,Princeton Offense
265493738984443904,Princeton Offense
265610999103647744,Princeton Offense
265704615985700864,Princeton Offense
265873461900111872,Princeton Offense
265897076297199616,Princeton Offense
266192971387502592,Princeton Offense
266370348482715648,Princeton Offense
266394239255052288,Princeton Offense
266395002630987776,Princeton Offense
266395942155071488,Princeton Offense
266397519196610560,Princeton Offense
266399188542185472,Princeton Offense
266515165237874688,Princeton Offense
266548709129613312,Princeton Offense
266551471116525568,Princeton Offense
266559993967435776,Princeton Offense
266689677656993792,Princeton Offense
266694362665209856,Princeton Offense
266964379398987776,Princeton Offense
266965566370230272,Princeton Offense
266966220673257472,Princeton Offense
266967466402512896,Princeton Offense
266968250263420928,Princeton Offense
266968351375507456,Princeton Offense
266969269961650176,Princeton Offense
266969483854372864,Princeton Offense
266970716983918592,Princeton Offense
266971920744980480,Princeton Offense
266972893819334656,Princeton Offense
266973556523544576,Princeton Offense
266973636227895296,Princeton Offense
266974147928784896,Princeton Offense
266974235996610560,Princeton Offense
266977914417979392,Princeton Offense
266978539369295872,Princeton Offense
266980342890631168,Princeton Offense
266982210459033600,Princeton Offense
266982230365184000,Princeton Offense
266982572247109632,Princeton Offense
266982750437900288,Princeton Offense
266983710929346560,Princeton Offense
266984113582526464,Princeton Offense
266984772100816896,Princeton Offense
266984923074789376,Princeton Offense
266985819464683520,Princeton Offense
266987386435694592,Princeton Offense
266987732138598400,Princeton Offense
266988802810183680,Princeton Offense
266989377459191808,Princeton Offense
266989822042845184,Princeton Offense
266989943681871872,Princeton Offense
266990122254340096,Princeton Offense
266992314566729728,Princeton Offense
266992422507126784,Princeton Offense
266995241087823872,Princeton Offense
267001800962486272,Princeton Offense
267003657415958528,Princeton Offense
267009235882217472,Princeton Offense
267009237039857664,Princeton Offense
267013008130207744,Princeton Offense
267013989605728256,Princeton Offense
267017525420773376,Princeton Offense
267021459682115584,Princeton Offense
267023653277954048,Princeton Offense
267029303554871296,Princeton Offense
267031832183332864,Princeton Offense
267035493802323968,Princeton Offense
267051067278233600,Princeton Offense
267053428663013376,Princeton Offense
267058235347968000,Princeton Offense
267065843794464768,Princeton Offense
267071959093886976,Princeton Offense
267079466721898496,Princeton Offense
267134416483123200,Princeton Offense
267144554103320576,Princeton Offense
267145527198621696,Princeton Offense
267168813387235328,Princeton Offense
267206438420631552,Princeton Offense
267301513339211776,Princeton Offense
267372996858097664,Princeton Offense
267525975733047296,Princeton Offense
267644792270356480,Princeton Offense
267663175619584000,Princeton Offense
267878376969216000,Princeton Offense
267913486594629632,Princeton Offense
267942106809634816,Princeton Offense
267981309350121472,Princeton Offense
267990612337364992,Princeton Offense
268009591361662976,Princeton Offense
268021784413106176,Princeton Offense
268026020660146176,Princeton Offense
268170342470664192,Princeton Offense
268225589834559488,Princeton Offense
268353398670241792,Princeton Offense
268381395649454080,Princeton Offense
268443898651746304,Princeton Offense
268449251070201856,Princeton Offense
268564078807625728,Princeton Offense
269225297990258688,Princeton Offense
270268021212323840,Princeton Offense
273655502485983232,Princeton Offense
276117697522188288,Princeton Offense
278729526295556096,Princeton Offense
279411924423282688,Princeton Offense
279416693330153472,Princeton Offense
264781646799183872,Princeton Offense
279120869081628672,Spam
274986523089313792,Nice comments from fans
281967735481704448,Nice comments from fans
282276845347553280,Nice comments from fans
282379683910279168,Nice comments from fans
282512676528197632,Nice comments from fans
282548501915783168,Nice comments from fans
282591743717810176,Nice comments from fans
282610664235757568,Nice comments from fans
282743078425604096,Nice comments from fans
282758698005315584,Nice comments from fans
282767430521069568,Nice comments from fans
282790398525575168,Nice comments from fans
282793364280197120,Nice comments from fans
282952135119880192,Nice comments from fans
282956211949821952,Nice comments from fans
282990802383278080,Nice comments from fans
282992983438159872,Nice comments from fans
282994531106951168,Nice comments from fans
283028530147778560,Nice comments from fans
283055537267015680,Nice comments from fans
283061521511235584,Nice comments from fans
283131387052183552,Nice comments from fans
283138487329361920,Nice comments from fans
283154782905044992,Nice comments from fans
283163439948509184,Nice comments from fans
283177251770597376,Nice comments from fans
283198537871802368,Nice comments from fans
283218817352601600,Nice comments from fans
283243803287113728,Nice comments from fans
283252686323859456,Nice comments from fans
283313231106281472,Nice comments from fans
283316389446574080,Nice comments from fans
283331489981161472,Nice comments from fans
283349153554239488,Nice comments from fans
283352393335324672,Nice comments from fans
283366041621495808,Nice comments from fans
283415358239547392,Nice comments from fans
283415358239547392,Nice comments from fans
283428532527439872,Nice comments from fans
283525231887388672,Nice comments from fans
283580756427669504,Nice comments from fans
283636649689247744,Nice comments from fans
283645596148056064,Nice comments from fans
283647236116738048,Nice comments from fans
283650549625262080,Nice comments from fans
283654282572611584,Nice comments from fans
283656503758561280,Nice comments from fans
283668956747812864,Nice comments from fans
283702604557606912,Nice comments from fans
283719798909718528,Nice comments from fans
283748557939412992,Nice comments from fans
283749702959235072,Nice comments from fans
283858872320532480,Nice comments from fans
283919962370879488,Nice comments from fans
283923406548766720,Nice comments from fans
283929126899941376,Nice comments from fans
283931879172894720,Nice comments from fans
284000413294936064,Nice comments from fans
284035883429163008,Nice comments from fans
284088938296127488,Nice comments from fans
284093233250852864,Nice comments from fans
284122719367331840,Nice comments from fans
284127439171506176,Nice comments from fans
284136743354130432,Nice comments from fans
284155912942411776,Nice comments from fans
284157431251087360,Nice comments from fans
284172383978409984,Nice comments from fans
284242839892807680,Nice comments from fans
284257285075775488,Nice comments from fans
284276939584335872,Nice comments from fans
284294657909850112,Nice comments from fans
284326147133677568,Nice comments from fans
284336821658324992,Nice comments from fans
284338633585070080,Nice comments from fans
284362215820238848,Nice comments from fans
284385496560463872,Nice comments from fans
284433090057748480,Nice comments from fans
284440730808750080,Nice comments from fans
284442845279039488,Nice comments from fans
284448848364052480,Nice comments from fans
284797297521475584,Nice comments from fans
285558249116299264,Fan Craze - Beliebers
285558463009026048,Fan Craze - Beliebers
285558463034175488,Fan Craze - Beliebers
285558710502309888,Fan Craze - Beliebers
285559811838464000,Fan Craze - Beliebers
285561503891992576,Fan Craze - Beliebers
285563184012730368,Fan Craze - Beliebers
285563806581669888,Fan Craze - Beliebers
285564435710496768,Fan Craze - Beliebers
285564855161868288,Fan Craze - Beliebers
285565861761277952,Fan Craze - Beliebers
285566725804666880,Fan Craze - Beliebers
285567187161333760,Fan Craze - Beliebers
285568072167866368,Fan Craze - Beliebers
285570442129989632,Fan Craze - Beliebers
285572463591563264,Fan Craze - Beliebers
285574300705103872,Fan Craze - Beliebers
285575279110393856,Fan Craze - Beliebers
285580017570836480,Fan Craze - Beliebers
285584026134253568,Fan Craze - Beliebers
285584894455857152,Fan Craze - Beliebers
285587357581836288,Fan Craze - Beliebers
285587647001407488,Fan Craze - Beliebers
285588209008771072,Fan Craze - Beliebers
285590327153270784,Fan Craze - Beliebers
285590608188424192,Fan Craze - Beliebers
285592973754896384,Fan Craze - Beliebers
285593754109370368,Fan Craze - Beliebers
285594051699412992,Fan Craze - Beliebers
285598401184276480,Fan Craze - Beliebers
285599139738288128,Fan Craze - Beliebers
285599583965429760,Fan Craze - Beliebers
285600980677033984,Fan Craze - Beliebers
285602457059459072,Fan Craze - Beliebers
285605254693801984,Fan Craze - Beliebers
285606831731142656,Fan Craze - Beliebers
285607587934765056,Fan Craze - Beliebers
285608425554063360,Fan Craze - Beliebers
285610362450104320,Fan Craze - Beliebers
285612879904903168,Fan Craze - Beliebers
285612884107608064,Fan Craze - Beliebers
285614511489167360,Fan Craze - Beliebers
285616126325567488,Fan Craze - Beliebers
285618059882930176,Fan Craze - Beliebers
285618202774482944,Fan Craze - Beliebers
285618630316658688,Fan Craze - Beliebers
285619464970592256,Fan Craze - Beliebers
285620970746687488,Fan Craze - Beliebers
285621501330325504,Fan Craze - Beliebers
285621859934928896,Fan Craze - Beliebers
285622695205421056,Fan Craze - Beliebers
285623587967229952,Fan Craze - Beliebers
285625999717187584,Fan Craze - Beliebers
285633096450199552,Fan Craze - Beliebers
285634463793311744,Fan Craze - Beliebers
285640351199420416,Fan Craze - Beliebers
285642131001974784,Fan Craze - Beliebers
285651790496665600,Fan Craze - Beliebers
285653577253400576,Fan Craze - Beliebers
285658346177044480,Fan Craze - Beliebers
285660145546059776,Fan Craze - Beliebers
285664376726372352,Fan Craze - Beliebers
285665144053309440,Fan Craze - Beliebers
285665342276112384,Fan Craze - Beliebers
285669948200742912,Fan Craze - Beliebers
285671512135069696,Fan Craze - Beliebers
285671809892900864,Fan Craze - Beliebers
285672854291369984,Fan Craze - Beliebers
285673173045891072,Fan Craze - Beliebers
285673529574313984,Fan Craze - Beliebers
285677057764102144,Fan Craze - Beliebers
285677515429789696,Fan Craze - Beliebers
285680261411270656,Fan Craze - Beliebers
285698845906698240,Fan Craze - Beliebers
285698942866432000,Fan Craze - Beliebers
285707931230564352,Fan Craze - Beliebers
285709418488819712,Fan Craze - Beliebers
285718826723725312,Fan Craze - Beliebers
285720891629912064,Fan Craze - Beliebers
285723232043147264,Fan Craze - Beliebers
285724114252083200,Fan Craze - Beliebers
285725266314133504,Fan Craze - Beliebers
285729670324973568,Fan Craze - Beliebers
285730374305345536,Fan Craze - Beliebers
285731208443359232,Fan Craze - Beliebers
285738851639631872,Fan Craze - Beliebers
285738922972151808,Fan Craze - Beliebers
285741983035715584,Fan Craze - Beliebers
285742176124690432,Fan Craze - Beliebers
285742280252456960,Fan Craze - Beliebers
285743327100403712,Fan Craze - Beliebers
285744870478450688,Fan Craze - Beliebers
285745975807578112,Fan Craze - Beliebers
285746590143102976,Fan Craze - Beliebers
285750138507493376,Fan Craze - Beliebers
285753507041144832,Fan Craze - Beliebers
285755576766582784,Fan Craze - Beliebers
285755862650351616,Fan Craze - Beliebers
285757140570869760,Fan Craze - Beliebers
285758063741374464,Fan Craze - Beliebers
285758728437907456,Fan Craze - Beliebers
285759043010719744,Fan Craze - Beliebers
285759248544186368,Fan Craze - Beliebers
285762306216972288,Fan Craze - Beliebers
285762640951787520,Fan Craze - Beliebers
285764734681239552,Fan Craze - Beliebers
285764923441688576,Fan Craze - Beliebers
285768385512488960,Fan Craze - Beliebers
285768946194448384,Fan Craze - Beliebers
285769767879589888,Fan Craze - Beliebers
285772401285935104,Fan Craze - Beliebers
285772993932709888,Fan Craze - Beliebers
285773823750590464,Fan Craze - Beliebers
285774230619033600,Fan Craze - Beliebers
285775212090363904,Fan Craze - Beliebers
285775295955492864,Fan Craze - Beliebers
285776730403250176,Fan Craze - Beliebers
285779372823158784,Fan Craze - Beliebers
285779943240118272,Fan Craze - Beliebers
285780285231091712,Fan Craze - Beliebers
285782703100530688,Fan Craze - Beliebers
285782726383124480,Fan Craze - Beliebers
285783923622027264,Fan Craze - Beliebers
285786578624864256,Fan Craze - Beliebers
285787270689206272,Fan Craze - Beliebers
285789781865140224,Fan Craze - Beliebers
285791180170604544,Fan Craze - Beliebers
285792572289462272,Fan Craze - Beliebers
285795160175042560,Fan Craze - Beliebers
285795688644739072,Fan Craze - Beliebers
285796157685391360,Fan Craze - Beliebers
285796573642891264,Fan Craze - Beliebers
285796825322123264,Fan Craze - Beliebers
285799933292982272,Fan Craze - Beliebers
285803648863322112,Fan Craze - Beliebers
285803673207070720,Fan Craze - Beliebers
285804538655559680,Fan Craze - Beliebers
285804842235072512,Fan Craze - Beliebers
285805395799314432,Fan Craze - Beliebers
285805868254109696,Fan Craze - Beliebers
285806388351991808,Fan Craze - Beliebers
285807860745650176,Fan Craze - Beliebers
285812428116217856,Fan Craze - Beliebers
285815594639572992,Fan Craze - Beliebers
285819361334263808,Fan Craze - Beliebers
285824259333431296,Fan Craze - Beliebers
285825557285982208,Fan Craze - Beliebers
285825799582535680,Fan Craze - Beliebers
285828194517540864,Fan Craze - Beliebers
285829093298159616,Fan Craze - Beliebers
285832472711802880,Fan Craze - Beliebers
285839842091352064,Fan Craze - Beliebers
285842484108595200,Fan Craze - Beliebers
285844204159119360,Fan Craze - Beliebers
285847028448239616,Fan Craze - Beliebers
285853414976524288,Fan Craze - Beliebers
285855141595324416,Fan Craze - Beliebers
285865089494577152,Fan Craze - Beliebers
285865548242382848,Fan Craze - Beliebers
285866029203197952,Fan Craze - Beliebers
285868598252171264,Fan Craze - Beliebers
285870877973827584,Fan Craze - Beliebers
285876064104902656,Fan Craze - Beliebers
284905862865248256,User Comments
281937302865985536,Record of views on YouTube
281956046619152384,Record of views on YouTube
281992614784421888,Record of views on YouTube
281994099014381568,Record of views on YouTube
281997507297419264,Record of views on YouTube
282004989952552960,Record of views on YouTube
282011050705047552,Record of views on YouTube
282025483309285376,Record of views on YouTube
282030390703697920,Record of views on YouTube
282041996460298240,Record of views on YouTube
282059762269573120,Record of views on YouTube
282070011919626240,Record of views on YouTube
282070366552219648,Record of views on YouTube
282115659226312704,Record of views on YouTube
282139146489823232,Record of views on YouTube
282141292270608384,Record of views on YouTube
282141472608894976,Record of views on YouTube
282143209059143680,Record of views on YouTube
282145524319129600,Record of views on YouTube
282147558556585984,Record of views on YouTube
282149010213568512,Record of views on YouTube
282150066754551808,Record of views on YouTube
282150549732855808,Record of views on YouTube
282151286416211968,Record of views on YouTube
282151589270138880,Record of views on YouTube
282152356811005952,Record of views on YouTube
282153344582172672,Record of views on YouTube
282153622572244992,Record of views on YouTube
282153887417389056,Record of views on YouTube
282153942257913856,Record of views on YouTube
282154234152099840,Record of views on YouTube
282154504324014080,Record of views on YouTube
282154663707570176,Record of views on YouTube
282155397677191168,Record of views on YouTube
282155729044000768,Record of views on YouTube
282156045286133760,Record of views on YouTube
282156184495075328,Record of views on YouTube
282157266835210240,Record of views on YouTube
282157570356031488,Record of views on YouTube
282157608113156096,Record of views on YouTube
282157822001684480,Record of views on YouTube
282157998170857472,Record of views on YouTube
282159168377466880,Record of views on YouTube
282159334429949952,Record of views on YouTube
282160166609252352,Record of views on YouTube
282161330016907264,Record of views on YouTube
282161445280555008,Record of views on YouTube
282161517191905280,Record of views on YouTube
282161680782356480,Record of views on YouTube
282162262280650752,Record of views on YouTube
282162532205084672,Record of views on YouTube
282164553842847744,Record of views on YouTube
282165287594385408,Record of views on YouTube
282166033446473728,Record of views on YouTube
282166818804740096,Record of views on YouTube
282167158530777088,Record of views on YouTube
282167515042439168,Record of views on YouTube
282168509088280576,Record of views on YouTube
282169209520271360,Record of views on YouTube
282170362970664960,Record of views on YouTube
282173303165169664,Record of views on YouTube
282173629633011712,Record of views on YouTube
282174393688416256,Record of views on YouTube
282174704087879680,Record of views on YouTube
282176251790237696,Record of views on YouTube
282176436331216896,Record of views on YouTube
282177157726343168,Record of views on YouTube
282178236232904704,Record of views on YouTube
282179628171423744,Record of views on YouTube
282181972791529472,Record of views on YouTube
282182153175957504,Record of views on YouTube
282182476141559808,Record of views on YouTube
282183503729274880,Record of views on YouTube
282183646314651648,Record of views on YouTube
282184259333136384,Record of views on YouTube
282185166041018368,Record of views on YouTube
282185867181821952,Record of views on YouTube
282186112565395456,Record of views on YouTube
282186691408711680,Record of views on YouTube
282188444598411264,Record of views on YouTube
282188515922563072,Record of views on YouTube
282189732274900992,Record of views on YouTube
282190123913850880,Record of views on YouTube
282190264955707392,Record of views on YouTube
282190457893711872,Record of views on YouTube
282190910865948672,Record of views on YouTube
282191321899356160,Record of views on YouTube
282191812624535552,Record of views on YouTube
282193872057143296,Record of views on YouTube
282193930764820480,Record of views on YouTube
282195679777026048,Record of views on YouTube
282197823083122688,Record of views on YouTube
282198716453097472,Record of views on YouTube
282199832150560768,Record of views on YouTube
282201472110841856,Record of views on YouTube
282201962861187072,Record of views on YouTube
282203967746891776,Record of views on YouTube
282206106850308096,Record of views on YouTube
282206440305856512,Record of views on YouTube
282206509486727168,Record of views on YouTube
282206572963299328,Record of views on YouTube
282206601765601280,Record of views on YouTube
282208943902695424,Record of views on YouTube
282209407746600960,Record of views on YouTube
282210661860270080,Record of views on YouTube
282212599616139264,Record of views on YouTube
282213218095607808,Record of views on YouTube
282213828534620160,Record of views on YouTube
282214878872236032,Record of views on YouTube
282215141947371520,Record of views on YouTube
282216718401667072,Record of views on YouTube
282216848441896960,Record of views on YouTube
282218033299193856,Record of views on YouTube
282221811121397760,Record of views on YouTube
282222833256521728,Record of views on YouTube
282224293314715648,Record of views on YouTube
282231499166724096,Record of views on YouTube
282234183508692992,Record of views on YouTube
282235349500035072,Record of views on YouTube
282235802510032896,Record of views on YouTube
282236406015873024,Record of views on YouTube
282238038061494272,Record of views on YouTube
282238818223001600,Record of views on YouTube
282246032425893888,Record of views on YouTube
282248087374819328,Record of views on YouTube
282248247014195200,Record of views on YouTube
282249996034777088,Record of views on YouTube
282251651354599424,Record of views on YouTube
282264533500837888,Record of views on YouTube
282264936154013696,Record of views on YouTube
282265909224173568,Record of views on YouTube
282265944116572160,Record of views on YouTube
282268461110030336,Record of views on YouTube
282269386276999168,Record of views on YouTube
282269980236582912,Record of views on YouTube
282284406113193984,Record of views on YouTube
282284557095550976,Record of views on YouTube
282285156893593600,Record of views on YouTube
282285400163229696,Record of views on YouTube
282285504999874560,Record of views on YouTube
282286039631028224,Record of views on YouTube
282287807693725696,Record of views on YouTube
282290637582254080,Record of views on YouTube
282291962416082944,Record of views on YouTube
282295726535495680,Record of views on YouTube
282295986590715904,Record of views on YouTube
282298360784900096,Record of views on YouTube
282301787304767488,Record of views on YouTube
282305777539096576,Record of views on YouTube
282311308370665472,Record of views on YouTube
282314101751959552,Record of views on YouTube
282317926965575680,Record of views on YouTube
282324793058021376,Record of views on YouTube
282328664379645952,Record of views on YouTube
282330560213430272,Record of views on YouTube
282333563414802432,Record of views on YouTube
282334687395995648,Record of views on YouTube
282343524802916352,Record of views on YouTube
282344741155266560,Record of views on YouTube
282345865241325568,Record of views on YouTube
282346280481587200,Record of views on YouTube
282347018687496192,Record of views on YouTube
282347714908409856,Record of views on YouTube
282347899461959680,Record of views on YouTube
282358200689360896,Record of views on YouTube
282358260118462464,Record of views on YouTube
282365252820156416,Record of views on YouTube
282375875482251264,Record of views on YouTube
282380770230820864,Record of views on YouTube
282388501469749248,Record of views on YouTube
282390475867033600,Record of views on YouTube
282395479675920384,Record of views on YouTube
282395660030976000,Record of views on YouTube
282400932237549568,Record of views on YouTube
282402652539744256,Record of views on YouTube
282406045102505984,Record of views on YouTube
282409217208504320,Record of views on YouTube
282410105180397568,Record of views on YouTube
282417462006382592,Record of views on YouTube
282421403729416192,Record of views on YouTube
282423085846634496,Record of views on YouTube
282453515002073088,Record of views on YouTube
282462911463575552,Record of views on YouTube
282501305686163456,Record of views on YouTube
282504506414071808,Record of views on YouTube
282523969813352448,Record of views on YouTube
282525255497564160,Record of views on YouTube
282546067751436288,Record of views on YouTube
282549020562444288,Record of views on YouTube
282549804897280000,Record of views on YouTube
282550564066316288,Record of views on YouTube
282561662161129472,Record of views on YouTube
282561855120109568,Record of views on YouTube
282563027776204800,Record of views on YouTube
282564208112070656,Record of views on YouTube
282564434600288256,Record of views on YouTube
282577069341286400,Record of views on YouTube
282580146463068160,Record of views on YouTube
282594054804480000,Record of views on YouTube
282595149488467968,Record of views on YouTube
282621678486433792,Record of views on YouTube
282623104520445952,Record of views on YouTube
282623918651609088,Record of views on YouTube
282626065699049472,Record of views on YouTube
282627264825409536,Record of views on YouTube
283221828862898176,Record of views on YouTube
283244094476660736,Record of views on YouTube
